"","iso2","iso3","iso.numeric","country","country.FR","country.ES","country.RU","g.whostatus","g.whoregion"
"1","AW","ABW",533,"Aruba","Aruba","Aruba","Аруба",NA,"AMR"
"2","AF","AFG",4,"Afghanistan","Afghanistan","Afganistán","Афганистан","M","EMR"
"3","AO","AGO",24,"Angola","Angola","Angola","Ангола","M","AFR"
"4","AI","AIA",660,"Anguilla","Anguilla","Anguila","Ангилья",NA,"AMR"
"5","AL","ALB",8,"Albania","Albanie","Albania","Албания","M","EUR"
"6","AD","AND",20,"Andorra","Andorre","Andorra","Андорра","M","EUR"
"7","AN","ANT",530,"Netherlands Antilles",NA,NA,NA,NA,"AMR"
"8","AE","ARE",784,"United Arab Emirates","Emirats arabes unis","Emiratos Arabes Unidos","Объединенные Арабские Эмираты","M","EMR"
"9","AR","ARG",32,"Argentina","Argentine","Argentina","Аргентина","M","AMR"
"10","AM","ARM",51,"Armenia","Arménie","Armenia","Армения","M","EUR"
"11","AS","ASM",16,"American Samoa","Samoa américaines","Samoa Americana","Американское Самоа",NA,"WPR"
"12","AG","ATG",28,"Antigua and Barbuda","Antigua-et-Barbuda","Antigua y Barbuda","Антигуа и Барбуда","M","AMR"
"13","AU","AUS",36,"Australia","Australie","Australia","Австралия","M","WPR"
"14","AT","AUT",40,"Austria","Autriche","Austria","Австрия","M","EUR"
"15","AZ","AZE",31,"Azerbaijan","Azerbaïdjan","Azerbaiyán","Азербайджан","M","EUR"
"16","BI","BDI",108,"Burundi","Burundi","Burundi","Бурунди","M","AFR"
"17","BE","BEL",56,"Belgium","Belgique","Bélgica","Бельгия","M","EUR"
"18","BJ","BEN",204,"Benin","Bénin","Benin","Бенин","M","AFR"
"19","BF","BFA",854,"Burkina Faso","Burkina Faso","Burkina Faso","Буркина-Фасо","M","AFR"
"20","BD","BGD",50,"Bangladesh","Bangladesh","Bangladesh","Бангладеш","M","SEA"
"21","BG","BGR",100,"Bulgaria","Bulgarie","Bulgaria","Болгария","M","EUR"
"22","BH","BHR",48,"Bahrain","Bahreïn","Bahrein","Бахрейн","M","EMR"
"23","BS","BHS",44,"Bahamas","Bahamas","Bahamas","Багамские Острова","M","AMR"
"24","BA","BIH",70,"Bosnia and Herzegovina","Bosnie-Herzégovine","Bosnia y Herzegovina","Босния и Герцеговина","M","EUR"
"25","BY","BLR",112,"Belarus","Bélarus","Belarús","Беларусь","M","EUR"
"26","BZ","BLZ",84,"Belize","Belize","Belice","Белиз","M","AMR"
"27","BM","BMU",60,"Bermuda","Bermudes (les)","Bermuda","Бермудские острова",NA,"AMR"
"28","BO","BOL",68,"Bolivia (Plurinational State of)","Bolivie","Bolivia","Боливия","M","AMR"
"29","BR","BRA",76,"Brazil","Brésil","Brasil","Бразилия","M","AMR"
"30","BB","BRB",52,"Barbados","Barbade","Barbados","Барбадос","M","AMR"
"31","BN","BRN",96,"Brunei Darussalam","Brunéi Darussalam","Brunei Darussalam","Бруней-Даруссалам","M","WPR"
"32","BT","BTN",64,"Bhutan","Bhoutan","Bhután","Бутан","M","SEA"
"33","BW","BWA",72,"Botswana","Botswana","Botswana","Ботсвана","M","AFR"
"34","CF","CAF",140,"Central African Republic","République centrafricaine","República Centroafricana","Центральноафриканская Республика","M","AFR"
"35","CA","CAN",124,"Canada","Canada","Canadá","Канада","M","AMR"
"36","CH","CHE",756,"Switzerland","Suisse","Suiza","Швейцария","M","EUR"
"37","CL","CHL",152,"Chile","Chili","Chile","Чили","M","AMR"
"38","CN","CHN",156,"China","Chine","China","Китай","M","WPR"
"39","CI","CIV",384,"Côte d'Ivoire","Côte d'Ivoire","Côte d'Ivoire","Кот-д’Ивуар","M","AFR"
"40","CM","CMR",120,"Cameroon","Cameroun","Camerún","Камерун","M","AFR"
"41","CD","COD",180,"Democratic Republic of the Congo","République démocratique du Congo","República Democrática del Congo","Демократическая Республика Конго","M","AFR"
"42","CG","COG",178,"Congo","Congo","Congo","Конго","M","AFR"
"43","CK","COK",184,"Cook Islands","Iles Cook","Islas Cook","Острова Кука","M","WPR"
"44","CO","COL",170,"Colombia","Colombie","Colombia","Колумбия","M","AMR"
"45","KM","COM",174,"Comoros","Comores","Comoras","Коморские Острова","M","AFR"
"46","CV","CPV",132,"Cabo Verde","Cabo Verde","Cabo Verde","Кабо-Верде","M","AFR"
"47","CR","CRI",188,"Costa Rica","Costa Rica","Costa Rica","Коста-Рика","M","AMR"
"48","CU","CUB",192,"Cuba","Cuba","Cuba","Куба","M","AMR"
"49","CW","CUW",531,"Curaçao","Curaçao","Curazao","Кюрасао",NA,"AMR"
"50","KY","CYM",136,"Cayman Islands","Caïmans (les Îles)","Islas Caimán","Острова Кайман ",NA,"AMR"
"51","CY","CYP",196,"Cyprus","Chypre","Chipre","Кипр","M","EUR"
"52","CZ","CZE",203,"Czechia","Tchéquie","Chequia","Чехия","M","EUR"
"53","DE","DEU",276,"Germany","Allemagne","Alemania","Германия","M","EUR"
"54","DJ","DJI",262,"Djibouti","Djibouti","Djibouti","Джибути","M","EMR"
"55","DM","DMA",212,"Dominica","Dominique","Dominica","Доминика","M","AMR"
"56","DK","DNK",208,"Denmark","Danemark","Dinamarca","Дания","M","EUR"
"57","DO","DOM",214,"Dominican Republic","République dominicaine","República Dominicana","Доминиканская  Республика","M","AMR"
"58","DZ","DZA",12,"Algeria","Algérie","Argelia","Алжир","M","AFR"
"59","EC","ECU",218,"Ecuador","Equateur","Ecuador","Эквадор","M","AMR"
"60","EG","EGY",818,"Egypt","Egypte","Egipto","Египет","M","EMR"
"61","ER","ERI",232,"Eritrea","Erythrée","Eritrea","Эритрея","M","AFR"
"62","ES","ESP",724,"Spain","Espagne","España","Испания","M","EUR"
"63","EE","EST",233,"Estonia","Estonie","Estonia","Эстония","M","EUR"
"64","ET","ETH",231,"Ethiopia","Ethiopie","Etiopía","Эфиопия","M","AFR"
"65","FI","FIN",246,"Finland","Finlande","Finlandia","Финляндия","M","EUR"
"66","FJ","FJI",242,"Fiji","Fidji","Fiji","Фиджи","M","WPR"
"67","FR","FRA",250,"France","France","Francia","Франция","M","EUR"
"68","FM","FSM",583,"Micronesia (Federated States of)","Micronésie (Etats fédérés de)","Micronesia (Estados Federados de)","Микронезия (Федеративные Штаты)","M","WPR"
"69","GA","GAB",266,"Gabon","Gabon","Gabón","Габон","M","AFR"
"70","GB","GBR",826,"United Kingdom of Great Britain and Northern Ireland","Royaume-Uni de Grande-Bretagne et d'Irlande du Nord","Reino Unido de Gran Bretaña e Irlanda del Norte","Соединенное Королевство Великобритании и Северной Ирландии","M","EUR"
"71","GE","GEO",268,"Georgia","Géorgie","Georgia","Грузия","M","EUR"
"72","GH","GHA",288,"Ghana","Ghana","Ghana","Гана","M","AFR"
"73","GN","GIN",324,"Guinea","Guinée","Guinea","Гвинея","M","AFR"
"74","GM","GMB",270,"Gambia","Gambie","Gambia","Гамбия","M","AFR"
"75","GW","GNB",624,"Guinea-Bissau","Guinée-Bissau","Guinea-Bissau","Гвинея-Биссау","M","AFR"
"76","GQ","GNQ",226,"Equatorial Guinea","Guinée équatoriale","Guinea Ecuatorial","Экваториальная Гвинея","M","AFR"
"77","GR","GRC",300,"Greece","Grèce","Grecia","Греция","M","EUR"
"78","GD","GRD",308,"Grenada","Grenade","Granada","Гренада","M","AMR"
"79","GL","GRL",304,"Greenland","Groenland (le)","Groenlandia","Гренландия",NA,"EUR"
"80","GT","GTM",320,"Guatemala","Guatemala","Guatemala","Гватемала","M","AMR"
"81","GU","GUM",316,"Guam","Guam","Guam","Гуам",NA,"WPR"
"82","GY","GUY",328,"Guyana","Guyana","Guyana","Гайана","M","AMR"
"83","HK","HKG",344,"China, Hong Kong SAR","Chine, région administrative spéciale de Hong Kong","China, región administrativa especial de Hong Kong","Китай, Специальный административный район Гонконг",NA,"WPR"
"84","HN","HND",340,"Honduras","Honduras","Honduras","Гондурас","M","AMR"
"85","HR","HRV",191,"Croatia","Croatie","Croacia","Хорватия","M","EUR"
"86","HT","HTI",332,"Haiti","Haïti","Haití","Гаити","M","AMR"
"87","HU","HUN",348,"Hungary","Hongrie","Hungría","Венгрия","M","EUR"
"88","ID","IDN",360,"Indonesia","Indonésie","Indonesia","Индонезия","M","SEA"
"89","IN","IND",356,"India","Inde","India","Индия","M","SEA"
"90","IE","IRL",372,"Ireland","Irlande","Irlanda","Ирландия","M","EUR"
"91","IR","IRN",364,"Iran (Islamic Republic of)","Iran (République islamique d')","Irán (República Islámica del)","Иран (Исламская Республика)","M","EMR"
"92","IQ","IRQ",368,"Iraq","Iraq","Iraq","Ирак","M","EMR"
"93","IS","ISL",352,"Iceland","Islande","Islandia","Исландия","M","EUR"
"94","IL","ISR",376,"Israel","Israël","Israel","Израиль","M","EUR"
"95","IT","ITA",380,"Italy","Italie","Italia","Италия","M","EUR"
"96","JM","JAM",388,"Jamaica","Jamaïque","Jamaica","Ямайка","M","AMR"
"97","JO","JOR",400,"Jordan","Jordanie","Jordania","Иордания","M","EMR"
"98","JP","JPN",392,"Japan","Japon","Japón","Япония","M","WPR"
"99","KZ","KAZ",398,"Kazakhstan","Kazakhstan","Kazajstán","Казахстан","M","EUR"
"100","KE","KEN",404,"Kenya","Kenya","Kenya","Кения","M","AFR"
"101","KG","KGZ",417,"Kyrgyzstan","Kirghizistan","Kirguistán","Кыргызстан","M","EUR"
"102","KH","KHM",116,"Cambodia","Cambodge","Camboya","Камбоджа","M","WPR"
"103","KI","KIR",296,"Kiribati","Kiribati","Kiribati","Кирибати","M","WPR"
"104","KN","KNA",659,"Saint Kitts and Nevis","Saint-Kitts-et-Nevis","Saint Kitts y Nevis","Сент-Китс и Невис","M","AMR"
"105","KR","KOR",410,"Republic of Korea","République de Corée","República de Corea","Республика Корея","M","WPR"
"106","KW","KWT",414,"Kuwait","Koweït","Kuwait","Кувейт","M","EMR"
"107","LA","LAO",418,"Lao People's Democratic Republic","République démocratique populaire lao","República Democrática Popular Lao","Лаосская Народно-Демократическая Республика","M","WPR"
"108","LB","LBN",422,"Lebanon","Liban","Líbano","Ливан","M","EMR"
"109","LR","LBR",430,"Liberia","Libéria","Liberia","Либерия","M","AFR"
"110","LY","LBY",434,"Libya","Libye","Libia","Либия","M","EMR"
"111","LC","LCA",662,"Saint Lucia","Sainte-Lucie","Santa Lucía","Сент-Люсия","M","AMR"
"112","LK","LKA",144,"Sri Lanka","Sri Lanka","Sri Lanka","Шри-Ланка","M","SEA"
"113","LS","LSO",426,"Lesotho","Lesotho","Lesotho","Лесото","M","AFR"
"114","LT","LTU",440,"Lithuania","Lituanie","Lituania","Литва","M","EUR"
"115","LU","LUX",442,"Luxembourg","Luxembourg","Luxemburgo","Люксембург","M","EUR"
"116","LV","LVA",428,"Latvia","Lettonie","Letonia","Латвия","M","EUR"
"117","MO","MAC",446,"China, Macao SAR","Chine, région administrative spéciale de Macao","China, región administrativa especial de Macao","Китай, Специальный административный район Макао",NA,"WPR"
"118","MA","MAR",504,"Morocco","Maroc","Marruecos","Марокко","M","EMR"
"119","MC","MCO",492,"Monaco","Monaco","Mónaco","Монако","M","EUR"
"120","MD","MDA",498,"Republic of Moldova","République de Moldova","República de Moldova","Республика Молдова","M","EUR"
"121","MG","MDG",450,"Madagascar","Madagascar","Madagascar","Мадагаскар","M","AFR"
"122","MV","MDV",462,"Maldives","Maldives","Maldivas","Мальдивские острова","M","SEA"
"123","MX","MEX",484,"Mexico","Mexique","México","Мексика","M","AMR"
"124","MH","MHL",584,"Marshall Islands","Iles Marshall","Islas Marshall","Маршалловы Острова","M","WPR"
"125","MK","MKD",807,"North Macedonia","Macédoine du Nord","Macedonia del Norte","Северная Македония","M","EUR"
"126","ML","MLI",466,"Mali","Mali","Malí","Мали","M","AFR"
"127","MT","MLT",470,"Malta","Malte","Malta","Мальта","M","EUR"
"128","MM","MMR",104,"Myanmar","Myanmar","Myanmar","Мьянма","M","SEA"
"129","ME","MNE",499,"Montenegro","Monténégro","Montenegro","Черногория","M","EUR"
"130","MN","MNG",496,"Mongolia","Mongolie","Mongolia","Монголия","M","WPR"
"131","MP","MNP",580,"Northern Mariana Islands","Mariannes du Nord (les Îles)","Islas Marianas del Norte ","Северные Марианские острова",NA,"WPR"
"132","MZ","MOZ",508,"Mozambique","Mozambique","Mozambique","Мозамбик","M","AFR"
"133","MR","MRT",478,"Mauritania","Mauritanie","Mauritania","Мавритания","M","AFR"
"134","MS","MSR",500,"Montserrat","Montserrat","Montserrat","Монтсеррат",NA,"AMR"
"135","MU","MUS",480,"Mauritius","Maurice","Mauricio","Маврикий","M","AFR"
"136","MW","MWI",454,"Malawi","Malawi","Malawi","Малави","M","AFR"
"137","MY","MYS",458,"Malaysia","Malaisie","Malasia","Малайзия","M","WPR"
"138","NA","NAM",516,"Namibia","Namibie","Namibia","Намибия","M","AFR"
"139","NC","NCL",540,"New Caledonia","Nouvelle-Calédonie (la)","Nueva Caledonia","Новая Каледония",NA,"WPR"
"140","NE","NER",562,"Niger","Niger","Níger","Нигер","M","AFR"
"141","NG","NGA",566,"Nigeria","Nigéria","Nigeria","Нигерия","M","AFR"
"142","NI","NIC",558,"Nicaragua","Nicaragua","Nicaragua","Никарагуа","M","AMR"
"143","NU","NIU",570,"Niue","Nioué","Niue","Ниуе","M","WPR"
"144","NL","NLD",528,"Netherlands (Kingdom of the)","Pays-Bas (Royaume des)","Países Bajos (Reino de los)","Нидерланды (Королевство)","M","EUR"
"145","NO","NOR",578,"Norway","Norvège","Noruega","Норвегия","M","EUR"
"146","NP","NPL",524,"Nepal","Népal","Nepal","Непал","M","SEA"
"147","NR","NRU",520,"Nauru","Nauru","Nauru","Науру","M","WPR"
"148","NZ","NZL",554,"New Zealand","Nouvelle-Zélande","Nueva Zelandia","Новая Зеландия","M","WPR"
"149","OM","OMN",512,"Oman","Oman","Omán","Оман","M","EMR"
"150","PK","PAK",586,"Pakistan","Pakistan","Pakistán","Пакистан","M","EMR"
"151","PA","PAN",591,"Panama","Panama","Panamá","Панама","M","AMR"
"152","PE","PER",604,"Peru","Pérou","Perú","Перу","M","AMR"
"153","PH","PHL",608,"Philippines","Philippines","Filipinas","Филиппины","M","WPR"
"154","PW","PLW",585,"Palau","Palaos","Palau","Палау","M","WPR"
"155","PG","PNG",598,"Papua New Guinea","Papouasie-Nouvelle-Guinée","Papua Nueva Guinea","Папуа-Новая Гвинея","M","WPR"
"156","PL","POL",616,"Poland","Pologne","Polonia","Польша","M","EUR"
"157","PR","PRI",630,"Puerto Rico","Porto Rico","Puerto Rico","Пуэрто-Рико","A","AMR"
"158","KP","PRK",408,"Democratic People's Republic of Korea","République populaire démocratique de Corée","República Popular Democrática de Corea","Корейская Народно-Демократическая Республика","M","SEA"
"159","PT","PRT",620,"Portugal","Portugal","Portugal","Португалия","M","EUR"
"160","PY","PRY",600,"Paraguay","Paraguay","Paraguay","Парагвай","M","AMR"
"161","PS","PSE",275,"occupied Palestinian territory, including east Jerusalem","Territoire palestinien occupé, y compris Jérusalem-Est","Territorio Palestino Ocupado, incluida Jerusalén Oriental","Оккупированная Палестинская территория, включая Восточный Иерусалим",NA,"EMR"
"162","PF","PYF",258,"French Polynesia","Polynésie française (la)","Polinesia Francesa","Французская Полинезия",NA,"WPR"
"163","QA","QAT",634,"Qatar","Qatar","Qatar","Катар","M","EMR"
"164","RO","ROU",642,"Romania","Roumanie","Rumania","Румыния","M","EUR"
"165","RU","RUS",643,"Russian Federation","Fédération de Russie","Federación de Rusia","Российская Федерация","M","EUR"
"166","RW","RWA",646,"Rwanda","Rwanda","Rwanda","Руанда","M","AFR"
"167","SA","SAU",682,"Saudi Arabia","Arabie saoudite","Arabia Saudita","Саудовская Аравия","M","EMR"
"168","YU","SCG",891,"Serbia & Montenegro",NA,NA,NA,NA,"EUR"
"169","SD","SDN",729,"Sudan","Soudan","Sudán","Судан","M","EMR"
"170","SN","SEN",686,"Senegal","Sénégal","Senegal","Сенегал","M","AFR"
"171","SG","SGP",702,"Singapore","Singapour","Singapur","Сингапур","M","WPR"
"172","SB","SLB",90,"Solomon Islands","Iles Salomon","Islas Salomón","Соломоновы острова","M","WPR"
"173","SL","SLE",694,"Sierra Leone","Sierra Leone","Sierra Leona","Сьерра-Леоне","M","AFR"
"174","SV","SLV",222,"El Salvador","El Salvador","El Salvador","Сальвадор","M","AMR"
"175","SM","SMR",674,"San Marino","Saint-Marin","San Marino","Сан-Марино","M","EUR"
"176","SO","SOM",706,"Somalia","Somalie","Somalia","Сомали","M","EMR"
"177","RS","SRB",688,"Serbia","Serbie","Serbia","Сербия","M","EUR"
"178","SS","SSD",728,"South Sudan","Soudan du Sud","Sudán del Sur","Южный Судан","M","AFR"
"179","ST","STP",678,"Sao Tome and Principe","Sao Tomé-et-Principe","Santo Tomé y Príncipe","Сан-Томе и Принсипи","M","AFR"
"180","SR","SUR",740,"Suriname","Suriname","Suriname","Суринам","M","AMR"
"181","SK","SVK",703,"Slovakia","Slovaquie","Eslovaquia","Словакия","M","EUR"
"182","SI","SVN",705,"Slovenia","Slovénie","Eslovenia","Словения","M","EUR"
"183","SE","SWE",752,"Sweden","Suède","Suecia","Швеция","M","EUR"
"184","SZ","SWZ",748,"Eswatini","Eswatini","Eswatini","Эсватини","M","AFR"
"185","SX","SXM",534,"Sint Maarten (Dutch part)","Saint-Martin (partie néerlandaise)","San Martín (parte Holandesa)","Синт-Мартен (нидерландская часть)",NA,"AMR"
"186","SC","SYC",690,"Seychelles","Seychelles","Seychelles","Сейшельские Острова","M","AFR"
"187","SY","SYR",760,"Syrian Arab Republic","République arabe syrienne","República Arabe Siria","Сирийская Арабская Республика","M","EMR"
"188","TC","TCA",796,"Turks and Caicos Islands","Turks-et-Caïcos (les Îles)","Islas Turcas y Caicos","Острова Теркс и Кайкос",NA,"AMR"
"189","TD","TCD",148,"Chad","Tchad","Chad","Чад","M","AFR"
"190","TG","TGO",768,"Togo","Togo","Togo","Того","M","AFR"
"191","TH","THA",764,"Thailand","Thaïlande","Tailandia","Таиланд","M","SEA"
"192","TJ","TJK",762,"Tajikistan","Tadjikistan","Tayikistán","Таджикистан","M","EUR"
"193","TK","TKL",772,"Tokelau","Tokelau (les)","Tokelau","Токелау","A","WPR"
"194","TM","TKM",795,"Turkmenistan","Turkménistan","Turkmenistán","Туркменистан","M","EUR"
"195","TL","TLS",626,"Timor-Leste","Timor-Leste","Timor-Leste","Тимор-Лешти","M","SEA"
"196","TO","TON",776,"Tonga","Tonga","Tonga","Тонга","M","WPR"
"197","TT","TTO",780,"Trinidad and Tobago","Trinité-et-Tobago","Trinidad y Tobago","Тринидад и Тобаго","M","AMR"
"198","TN","TUN",788,"Tunisia","Tunisie","Túnez","Тунис","M","EMR"
"199","TR","TUR",792,"Türkiye","Türkiye","Türkiye","Турция","M","EUR"
"200","TV","TUV",798,"Tuvalu","Tuvalu","Tuvalu","Тувалу","M","WPR"
"201","TZ","TZA",834,"United Republic of Tanzania","République-Unie de Tanzanie","República Unida de Tanzanía","Объединенная Республика Танзания","M","AFR"
"202","UG","UGA",800,"Uganda","Ouganda","Uganda","Уганда","M","AFR"
"203","UA","UKR",804,"Ukraine","Ukraine","Ucrania","Украина","M","EUR"
"204","UY","URY",858,"Uruguay","Uruguay","Uruguay","Уругвай","M","AMR"
"205","US","USA",840,"United States of America","Etats-Unis d'Amérique","Estados Unidos de América","Соединенные Штаты Америки","M","AMR"
"206","UZ","UZB",860,"Uzbekistan","Ouzbékistan","Uzbekistán","Узбекистан","M","EUR"
"207","VC","VCT",670,"Saint Vincent and the Grenadines","Saint-Vincent-et-les Grenadines","San Vicente y las Granadinas","Сент-Винсент и Гренадины","M","AMR"
"208","VE","VEN",862,"Venezuela (Bolivarian Republic of)","République bolivarienne du Venezuela","Venezuela (República Bolivariana de)","Венесуэла (Боливарианская Республика)","M","AMR"
"209","VG","VGB",92,"British Virgin Islands","Îles Vierges britanniques","Islas Vírgenes Británicas","Британские Виргинские острова",NA,"AMR"
"210","VN","VNM",704,"Viet Nam","Viet Nam","Viet Nam","Вьетнам","M","WPR"
"211","VU","VUT",548,"Vanuatu","Vanuatu","Vanuatu","Вануату","M","WPR"
"212","WF","WLF",876,"Wallis and Futuna Islands","Wallis-et-Futuna","Islas Wallis y Futuna","Острова Уоллис и Футуна",NA,"WPR"
"213","WS","WSM",882,"Samoa","Samoa","Samoa","Самоа","M","WPR"
"214","YE","YEM",887,"Yemen","Yémen","Yemen","Йемен","M","EMR"
"215","ZA","ZAF",710,"South Africa","Afrique du Sud","Sudáfrica","Южная Африка","M","AFR"
"216","ZM","ZMB",894,"Zambia","Zambie","Zambia","Замбия","M","AFR"
"217","ZW","ZWE",716,"Zimbabwe","Zimbabwe","Zimbabwe","Зимбабве","M","AFR"
